time,latitude,north\south,longtitude,east\west,quality,nos,hdop,altitude,hog,speed,date
142701.00,3144.80388,N,03458.74122,E,1,08,0.00,232.5,M,0.000,020416
142702.00,3144.80605,N,03458.73706,E,1,08,0.00,232.4,M,10.021,020416
142704.00,3144.80708,N,03458.73525,E,1,08,0.00,231.8,M,8.086,020416
142705.00,3144.80733,N,03458.73446,E,1,08,0.00,232.1,M,6.571,020416
142706.00,3144.80767,N,03458.73370,E,1,08,0.00,232.8,M,5.721,020416
142708.00,3144.80865,N,03458.73213,E,1,08,0.00,233.6,M,4.894,020416
142709.00,3144.80917,N,03458.73132,E,1,08,0.00,234.4,M,4.653,020416
142711.00,3144.80996,N,03458.72943,E,1,08,0.00,235.9,M,4.365,020416
142712.00,3144.81033,N,03458.72854,E,1,08,0.00,235.4,M,4.236,020416
142714.00,3144.81120,N,03458.72697,E,1,08,0.00,234.4,M,4.021,020416
142716.00,3144.81203,N,03458.72539,E,1,08,0.00,235.2,M,3.867,020416
142717.00,3144.81242,N,03458.72453,E,1,08,0.00,234.6,M,3.808,020416
142719.00,3144.81332,N,03458.72268,E,1,08,0.00,234.8,M,3.747,020416
142720.00,3144.81388,N,03458.72166,E,1,08,0.00,235.2,M,3.744,020416
142722.00,3144.81531,N,03458.71992,E,1,08,0.00,233.7,M,3.731,020416
142724.00,3144.81671,N,03458.71820,E,1,08,0.00,235.0,M,3.719,020416
142725.00,3144.81725,N,03458.71730,E,1,08,0.00,235.4,M,3.698,020416
142726.00,3144.81752,N,03458.71637,E,1,08,0.00,236.2,M,3.662,020416
142728.00,3144.81804,N,03458.71448,E,1,08,0.00,233.3,M,3.620,020416
142730.00,3144.81853,N,03458.71246,E,1,08,0.00,233.5,M,3.582,020416
142732.00,3144.81897,N,03458.71068,E,1,08,0.00,232.8,M,3.530,020416
142733.00,3144.81943,N,03458.71024,E,1,08,0.00,234.4,M,3.481,020416
142734.00,3144.81959,N,03458.70960,E,1,08,0.00,235.3,M,3.433,020416
142735.00,3144.81954,N,03458.70904,E,1,08,0.00,236.6,M,3.371,020416
142736.00,3144.81956,N,03458.70849,E,1,08,0.00,237.0,M,3.316,020416
142737.00,3144.81963,N,03458.70796,E,1,08,0.00,236.5,M,3.266,020416
142739.00,3144.82010,N,03458.70666,E,1,08,0.00,237.1,M,3.208,020416
142740.00,3144.82068,N,03458.70597,E,1,08,0.00,236.8,M,3.198,020416
142742.00,3144.82252,N,03458.70458,E,1,08,0.00,235.5,M,3.214,020416
142743.00,3144.82362,N,03458.70399,E,1,08,0.00,234.7,M,3.223,020416
142745.00,3144.82609,N,03458.70268,E,1,08,0.00,235.2,M,3.263,020416
142747.00,3144.82890,N,03458.70123,E,1,08,0.00,233.8,M,3.328,020416
142749.00,3144.83229,N,03458.69982,E,1,08,0.00,232.4,M,3.416,020416
142751.00,3144.83645,N,03458.69794,E,1,08,0.00,234.6,M,3.564,020416
142752.00,3144.83850,N,03458.69700,E,1,08,0.00,234.2,M,3.633,020416
142753.00,3144.84039,N,03458.69636,E,1,08,0.00,233.2,M,3.680,020416
142754.00,3144.84216,N,03458.69574,E,1,08,0.00,233.4,M,3.718,020416
142756.00,3144.84560,N,03458.69489,E,1,08,0.00,236.8,M,3.780,020416
142757.00,3144.84696,N,03458.69457,E,1,08,0.00,238.6,M,3.788,020416
142759.00,3144.84936,N,03458.69376,E,1,08,0.00,240.0,M,3.798,020416
142800.00,3144.85014,N,03458.69359,E,1,08,0.00,239.3,M,3.774,020416
142801.00,3144.85043,N,03458.69330,E,1,08,0.00,239.3,M,3.734,020416
142802.00,3144.85035,N,03458.69328,E,1,08,0.00,239.2,M,3.669,020416
142804.00,3144.85017,N,03458.69395,E,1,08,0.00,238.5,M,3.523,020416
142805.00,3144.85087,N,03458.69408,E,1,08,0.00,238.6,M,3.494,020416
142806.00,3144.85020,N,03458.69502,E,1,08,0.00,237.2,M,3.382,020416
142808.00,3144.85032,N,03458.69573,E,1,08,0.00,236.3,M,3.263,020416
142810.00,3144.85056,N,03458.69535,E,1,08,0.00,236.5,M,3.191,020416
142812.00,3144.85045,N,03458.69392,E,1,08,0.00,237.7,M,3.136,020416
142813.00,3144.85065,N,03458.69331,E,1,08,0.00,238.2,M,3.117,020416
142814.00,3144.85094,N,03458.69270,E,1,08,0.00,235.3,M,3.101,020416
142816.00,3144.85211,N,03458.69191,E,1,08,0.00,234.8,M,3.083,020416
142817.00,3144.85290,N,03458.69132,E,1,08,0.00,236.9,M,3.086,020416
142819.00,3144.85423,N,03458.69048,E,1,08,0.00,237.5,M,3.074,020416
142821.00,3144.85572,N,03458.69004,E,1,08,0.00,237.7,M,3.060,020416
142822.00,3144.85639,N,03458.68986,E,1,08,0.00,238.3,M,3.050,020416
142823.00,3144.85700,N,03458.68958,E,1,08,0.00,237.0,M,3.039,020416
142824.00,3144.85752,N,03458.68941,E,1,08,0.00,237.1,M,3.024,020416
142825.00,3144.85812,N,03458.68908,E,1,08,0.00,237.3,M,3.014,020416
142827.00,3144.85914,N,03458.68827,E,1,08,0.00,237.3,M,2.998,020416
142828.00,3144.86012,N,03458.68846,E,1,08,0.00,233.5,M,2.990,020416
142830.00,3144.86274,N,03458.68938,E,1,08,0.00,230.7,M,2.988,020416
142831.00,3144.86391,N,03458.68967,E,1,08,0.00,230.8,M,2.986,020416
142832.00,3144.86495,N,03458.68992,E,1,08,0.00,232.0,M,2.981,020416
142833.00,3144.86612,N,03458.69014,E,1,08,0.00,229.6,M,2.981,020416
142835.00,3144.86873,N,03458.69037,E,1,08,0.00,228.5,M,2.997,020416
142836.00,3144.87017,N,03458.69051,E,1,08,0.00,225.8,M,3.008,020416
142838.00,3144.87212,N,03458.69064,E,1,08,0.00,229.8,M,3.006,020416
142839.00,3144.87425,N,03458.69087,E,1,08,0.00,230.9,M,3.038,020416
142841.00,3144.87626,N,03458.69115,E,1,08,0.00,230.5,M,3.035,020416
142843.00,3144.87866,N,03458.69159,E,1,08,0.00,230.8,M,3.043,020416
142844.00,3144.88001,N,03458.69209,E,1,08,0.00,231.1,M,3.047,020416
142845.00,3144.88080,N,03458.69230,E,1,08,0.00,230.7,M,3.039,020416
142847.00,3144.88323,N,03458.69271,E,1,08,0.00,230.3,M,3.049,020416
142848.00,3144.88453,N,03458.69297,E,1,08,0.00,232.3,M,3.056,020416
142850.00,3144.88697,N,03458.69381,E,1,08,0.00,234.2,M,3.062,020416
142851.00,3144.88785,N,03458.69417,E,1,08,0.00,234.8,M,3.056,020416
142852.00,3144.88975,N,03458.69427,E,1,08,0.00,234.8,M,3.082,020416
142853.00,3144.89079,N,03458.69455,E,1,08,0.00,234.6,M,3.082,020416
142855.00,3144.89285,N,03458.69550,E,1,08,0.00,234.2,M,3.077,020416
142856.00,3144.89342,N,03458.69609,E,1,08,0.00,235.6,M,3.060,020416
142857.00,3144.89432,N,03458.69649,E,1,08,0.00,235.5,M,3.055,020416
142859.00,3144.89606,N,03458.69709,E,1,08,0.00,238.5,M,3.047,020416
142900.00,3144.89699,N,03458.69739,E,1,08,0.00,239.0,M,3.043,020416
142902.00,3144.89841,N,03458.69805,E,1,08,0.00,238.3,M,3.027,020416
142903.00,3144.89892,N,03458.69823,E,1,08,0.00,238.4,M,3.014,020416
142904.00,3144.89928,N,03458.69834,E,1,08,0.00,238.6,M,2.998,020416
142906.00,3144.89996,N,03458.69849,E,1,08,0.00,238.7,M,2.968,020416
142907.00,3144.90042,N,03458.69853,E,1,08,0.00,237.8,M,2.956,020416
142908.00,3144.90131,N,03458.69881,E,1,08,0.00,237.7,M,2.954,020416
142910.00,3144.90174,N,03458.69861,E,1,08,0.00,235.8,M,2.921,020416
142912.00,3144.90306,N,03458.69820,E,1,08,0.00,233.5,M,2.914,020416
142914.00,3144.90438,N,03458.69887,E,1,08,0.00,231.4,M,2.899,020416
142915.00,3144.90429,N,03458.69979,E,1,08,0.00,234.0,M,2.867,020416
142917.00,3144.90552,N,03458.70095,E,1,08,0.00,234.5,M,2.848,020416
142919.00,3144.90659,N,03458.70111,E,1,08,0.00,236.2,M,2.832,020416
142921.00,3144.90831,N,03458.70143,E,1,08,0.00,236.0,M,2.832,020416
142922.00,3144.90904,N,03458.70180,E,1,08,0.00,235.6,M,2.827,020416
142923.00,3144.91017,N,03458.70186,E,1,08,0.00,233.6,M,2.834,020416
142924.00,3144.91118,N,03458.70211,E,1,08,0.00,231.2,M,2.836,020416
142926.00,3144.91328,N,03458.70270,E,1,08,0.00,232.4,M,2.844,020416
142927.00,3144.91421,N,03458.70284,E,1,08,0.00,233.5,M,2.845,020416
142928.00,3144.91528,N,03458.70300,E,1,08,0.00,231.5,M,2.849,020416
142930.00,3144.91729,N,03458.70345,E,1,08,0.00,231.5,M,2.856,020416
142931.00,3144.91908,N,03458.70406,E,1,08,0.00,231.8,M,2.875,020416
142932.00,3144.92036,N,03458.70455,E,1,08,0.00,231.9,M,2.882,020416
142934.00,3144.92306,N,03458.70579,E,1,08,0.00,230.3,M,2.900,020416
142935.00,3144.92432,N,03458.70627,E,1,08,0.00,230.9,M,2.907,020416
142937.00,3144.92645,N,03458.70718,E,1,08,0.00,231.7,M,2.914,020416
142939.00,3144.92885,N,03458.70848,E,1,08,0.00,233.0,M,2.925,020416
142941.00,3144.93101,N,03458.70950,E,1,08,0.00,231.3,M,2.932,020416
142943.00,3144.93318,N,03458.71075,E,1,08,0.00,233.6,M,2.938,020416
142945.00,3144.93530,N,03458.71194,E,1,08,0.00,233.0,M,2.944,020416
142946.00,3144.93647,N,03458.71259,E,1,08,0.00,232.2,M,2.949,020416
142947.00,3144.93773,N,03458.71320,E,1,08,0.00,230.7,M,2.955,020416
142949.00,3144.93951,N,03458.71447,E,1,08,0.00,231.3,M,2.954,020416
142950.00,3144.94043,N,03458.71508,E,1,08,0.00,231.4,M,2.954,020416
142952.00,3144.94260,N,03458.71562,E,1,08,0.00,232.1,M,2.964,020416
142953.00,3144.94369,N,03458.71607,E,1,08,0.00,232.9,M,2.968,020416
142955.00,3144.94462,N,03458.71686,E,1,08,0.00,232.7,M,2.950,020416
142956.00,3144.94517,N,03458.71760,E,1,08,0.00,232.2,M,2.943,020416
142958.00,3144.94622,N,03458.71884,E,1,08,0.00,232.9,M,2.928,020416
142959.00,3144.94685,N,03458.71938,E,1,08,0.00,233.2,M,2.922,020416
143000.00,3144.94744,N,03458.71990,E,1,08,0.00,233.3,M,2.916,020416
143002.00,3144.94952,N,03458.72063,E,1,08,0.00,234.3,M,2.925,020416
143003.00,3144.95037,N,03458.71940,E,1,08,0.00,233.9,M,2.928,020416
143004.00,3144.95138,N,03458.71932,E,1,08,0.00,233.5,M,2.932,020416
143005.00,3144.95223,N,03458.71960,E,1,08,0.00,233.0,M,2.932,020416
143006.00,3144.95305,N,03458.72013,E,1,08,0.00,234.7,M,2.930,020416
143007.00,3144.95377,N,03458.72083,E,1,08,0.00,234.7,M,2.927,020416
143009.00,3144.95533,N,03458.72205,E,1,08,0.00,234.3,M,2.923,020416
143011.00,3144.95776,N,03458.72315,E,1,08,0.00,235.9,M,2.937,020416
143013.00,3144.96070,N,03458.72447,E,1,08,0.00,237.2,M,2.959,020416
143014.00,3144.96197,N,03458.72527,E,1,08,0.00,238.5,M,2.966,020416
143016.00,3144.96478,N,03458.72700,E,1,08,0.00,239.4,M,2.985,020416
143018.00,3144.96777,N,03458.72847,E,1,08,0.00,240.1,M,3.008,020416
143019.00,3144.96882,N,03458.72936,E,1,08,0.00,242.2,M,3.011,020416
143020.00,3144.96988,N,03458.73039,E,1,08,0.00,243.0,M,3.014,020416
143021.00,3144.97062,N,03458.73123,E,1,08,0.00,244.3,M,3.011,020416
143023.00,3144.97176,N,03458.73221,E,1,08,0.00,248.4,M,3.001,020416
143025.00,3144.97284,N,03458.73359,E,1,08,0.00,249.4,M,2.990,020416
143027.00,3144.97423,N,03458.73351,E,1,08,0.00,248.8,M,2.986,020416
143028.00,3144.97451,N,03458.73245,E,1,08,0.00,250.9,M,2.977,020416
143030.00,3144.97424,N,03458.73030,E,1,08,0.00,249.9,M,2.945,020416
143032.00,3144.97449,N,03458.72828,E,1,08,0.00,250.0,M,2.923,020416
143033.00,3144.97495,N,03458.72765,E,1,08,0.00,250.0,M,2.918,020416
143035.00,3144.97568,N,03458.72744,E,1,08,0.00,250.8,M,2.903,020416
143037.00,3144.97617,N,03458.72754,E,1,08,0.00,249.7,M,2.884,020416
143039.00,3144.97653,N,03458.72796,E,1,08,0.00,249.0,M,2.863,020416
143041.00,3144.97637,N,03458.72865,E,1,08,0.00,251.0,M,2.834,020416
143043.00,3144.97674,N,03458.72924,E,1,08,0.00,252.1,M,2.814,020416
143045.00,3144.97771,N,03458.72982,E,1,08,0.00,253.7,M,2.804,020416
143046.00,3144.97812,N,03458.73049,E,1,08,0.00,253.5,M,2.797,020416
143048.00,3144.97973,N,03458.73230,E,1,08,0.00,253.3,M,2.797,020416
143049.00,3144.98078,N,03458.73339,E,1,08,0.00,253.7,M,2.801,020416
143051.00,3144.98328,N,03458.73638,E,1,08,0.00,252.7,M,2.814,020416
143052.00,3144.98490,N,03458.73800,E,1,08,0.00,252.5,M,2.827,020416
143054.00,3144.98783,N,03458.74077,E,1,08,0.00,251.4,M,2.848,020416
143055.00,3144.98916,N,03458.74136,E,1,08,0.00,252.2,M,2.856,020416
143056.00,3144.99035,N,03458.74193,E,1,08,0.00,250.9,M,2.862,020416
143058.00,3144.99290,N,03458.74289,E,1,08,0.00,248.4,M,2.877,020416
143059.00,3144.99425,N,03458.74341,E,1,08,0.00,247.1,M,2.885,020416
143100.00,3144.99558,N,03458.74394,E,1,08,0.00,246.4,M,2.893,020416
143102.00,3144.99746,N,03458.74516,E,1,08,0.00,246.6,M,2.898,020416
143103.00,3144.99834,N,03458.74564,E,1,08,0.00,247.5,M,2.899,020416
143104.00,3144.99908,N,03458.74601,E,1,08,0.00,248.3,M,2.898,020416
143106.00,3145.00044,N,03458.74573,E,1,08,0.00,249.4,M,2.894,020416
143107.00,3145.00097,N,03458.74481,E,1,08,0.00,251.5,M,2.890,020416
143108.00,3145.00148,N,03458.74396,E,1,08,0.00,252.1,M,2.886,020416
143110.00,3145.00181,N,03458.74227,E,1,08,0.00,251.6,M,2.867,020416
143112.00,3145.00128,N,03458.74032,E,1,08,0.00,250.2,M,2.837,020416
143113.00,3145.00081,N,03458.73942,E,1,08,0.00,250.3,M,2.819,020416
143114.00,3145.00023,N,03458.73885,E,1,08,0.00,250.0,M,2.799,020416
143116.00,3144.99933,N,03458.73820,E,1,08,0.00,250.0,M,2.764,020416
143118.00,3144.99952,N,03458.73859,E,1,08,0.00,248.7,M,2.746,020416
143119.00,3145.00004,N,03458.73882,E,1,08,0.00,248.5,M,2.743,020416
143120.00,3145.00025,N,03458.73989,E,1,08,0.00,250.3,M,2.734,020416
143122.00,3145.00153,N,03458.74154,E,1,08,0.00,250.2,M,2.731,020416
143124.00,3145.00270,N,03458.74346,E,1,08,0.00,247.7,M,2.727,020416
143125.00,3145.00319,N,03458.74445,E,1,08,0.00,247.3,M,2.723,020416
143127.00,3145.00389,N,03458.74609,E,1,08,0.00,247.2,M,2.713,020416
143128.00,3145.00395,N,03458.74716,E,1,08,0.00,246.4,M,2.703,020416
143130.00,3145.00448,N,03458.74903,E,1,08,0.00,246.1,M,2.691,020416
143132.00,3145.00553,N,03458.75183,E,1,08,0.00,245.2,M,2.686,020416
143134.00,3145.00770,N,03458.75552,E,1,08,0.00,244.3,M,2.698,020416
143135.00,3145.00868,N,03458.75688,E,1,08,0.00,244.7,M,2.701,020416
143136.00,3145.01038,N,03458.75808,E,1,08,0.00,245.6,M,2.715,020416
143137.00,3145.01143,N,03458.75903,E,1,08,0.00,248.3,M,2.719,020416
143139.00,3145.01267,N,03458.76053,E,1,08,0.00,250.2,M,2.717,020416
143141.00,3145.01321,N,03458.76138,E,1,08,0.00,245.9,M,2.705,020416
143143.00,3145.01431,N,03458.76173,E,1,08,0.00,244.7,M,2.700,020416
143144.00,3145.01474,N,03458.76177,E,1,08,0.00,244.1,M,2.696,020416
143145.00,3145.01507,N,03458.76194,E,1,08,0.00,245.4,M,2.691,020416
143146.00,3145.01544,N,03458.76174,E,1,08,0.00,247.4,M,2.686,020416
143148.00,3145.01547,N,03458.76193,E,1,08,0.00,247.7,M,2.668,020416
143150.00,3145.01425,N,03458.76156,E,1,08,0.00,250.6,M,2.634,020416
143152.00,3145.01473,N,03458.76085,E,1,08,0.00,251.0,M,2.621,020416
143154.00,3145.01561,N,03458.76230,E,1,08,0.00,250.7,M,2.615,020416
143156.00,3145.01610,N,03458.76514,E,1,08,0.00,253.2,M,2.606,020416
143158.00,3145.01657,N,03458.76803,E,1,08,0.00,254.4,M,2.597,020416
143200.00,3145.01688,N,03458.77107,E,1,08,0.00,255.8,M,2.587,020416
143201.00,3145.01732,N,03458.77347,E,1,08,0.00,255.4,M,2.587,020416
143202.00,3145.01762,N,03458.77491,E,1,08,0.00,254.9,M,2.584,020416
143203.00,3145.01795,N,03458.77632,E,1,08,0.00,254.3,M,2.581,020416
143205.00,3145.01872,N,03458.77896,E,1,08,0.00,254.4,M,2.577,020416
143207.00,3145.01936,N,03458.78123,E,1,08,0.00,255.7,M,2.571,020416
143208.00,3145.01972,N,03458.78229,E,1,08,0.00,256.2,M,2.568,020416
143210.00,3145.02051,N,03458.78439,E,1,08,0.00,256.5,M,2.564,020416
143212.00,3145.02115,N,03458.78642,E,1,08,0.00,256.7,M,2.558,020416
143214.00,3145.02149,N,03458.78855,E,1,08,0.00,258.6,M,2.550,020416
143215.00,3145.02161,N,03458.78966,E,1,08,0.00,259.3,M,2.545,020416
143217.00,3145.02189,N,03458.79180,E,1,08,0.00,260.1,M,2.536,020416
143219.00,3145.02200,N,03458.79389,E,1,08,0.00,260.2,M,2.525,020416
143221.00,3145.02238,N,03458.79601,E,1,08,0.00,261.1,M,2.518,020416
143223.00,3145.02300,N,03458.79759,E,1,08,0.00,260.2,M,2.512,020416
143224.00,3145.02324,N,03458.79818,E,1,08,0.00,260.7,M,2.508,020416
143225.00,3145.02351,N,03458.79875,E,1,08,0.00,261.2,M,2.504,020416
143226.00,3145.02387,N,03458.79942,E,1,08,0.00,261.9,M,2.502,020416
143228.00,3145.02496,N,03458.80126,E,1,08,0.00,261.4,M,2.502,020416
143229.00,3145.02549,N,03458.80244,E,1,08,0.00,262.0,M,2.502,020416
143231.00,3145.02633,N,03458.80535,E,1,08,0.00,261.7,M,2.503,020416
143232.00,3145.02653,N,03458.80701,E,1,08,0.00,261.0,M,2.501,020416
143234.00,3145.02663,N,03458.81102,E,1,08,0.00,258.9,M,2.496,020416
143235.00,3145.02644,N,03458.81294,E,1,08,0.00,257.9,M,2.491,020416
143237.00,3145.02594,N,03458.81667,E,1,08,0.00,256.3,M,2.481,020416
143239.00,3145.02490,N,03458.81883,E,1,08,0.00,257.1,M,2.460,020416
143240.00,3145.02464,N,03458.81946,E,1,08,0.00,257.7,M,2.452,020416
143241.00,3145.02444,N,03458.81976,E,1,08,0.00,259.1,M,2.444,020416
143243.00,3145.02390,N,03458.81953,E,1,08,0.00,262.4,M,2.423,020416
143245.00,3145.02364,N,03458.81848,E,1,08,0.00,263.3,M,2.404,020416
143246.00,3145.02364,N,03458.81722,E,1,08,0.00,264.3,M,2.394,020416
143247.00,3145.02397,N,03458.81588,E,1,08,0.00,262.7,M,2.387,020416
143248.00,3145.02421,N,03458.81481,E,1,08,0.00,264.0,M,2.380,020416
143250.00,3145.02480,N,03458.81362,E,1,08,0.00,264.1,M,2.369,020416
143251.00,3145.02537,N,03458.81372,E,1,08,0.00,264.5,M,2.368,020416
143252.00,3145.02592,N,03458.81454,E,1,08,0.00,264.3,M,2.369,020416
143254.00,3145.02677,N,03458.81489,E,1,08,0.00,262.5,M,2.365,020416
143255.00,3145.02723,N,03458.81475,E,1,08,0.00,262.4,M,2.362,020416
143257.00,3145.02745,N,03458.81443,E,1,08,0.00,262.4,M,2.350,020416
143258.00,3145.02714,N,03458.81461,E,1,08,0.00,262.5,M,2.341,020416
143300.00,3145.02705,N,03458.81782,E,1,08,0.00,258.3,M,2.335,020416
143302.00,3145.02722,N,03458.82222,E,1,08,0.00,262.0,M,2.334,020416
143304.00,3145.02752,N,03458.82713,E,1,08,0.00,263.7,M,2.337,020416
143305.00,3145.02762,N,03458.82984,E,1,08,0.00,263.3,M,2.338,020416
143307.00,3145.02756,N,03458.83600,E,1,08,0.00,262.9,M,2.342,020416
143309.00,3145.02784,N,03458.84173,E,1,08,0.00,264.7,M,2.348,020416
143311.00,3145.02788,N,03458.84710,E,1,08,0.00,262.5,M,2.352,020416
143313.00,3145.02760,N,03458.85159,E,1,08,0.00,262.6,M,2.351,020416
143315.00,3145.02758,N,03458.85521,E,1,08,0.00,261.7,M,2.350,020416
143316.00,3145.02755,N,03458.85693,E,1,08,0.00,262.0,M,2.349,020416
143318.00,3145.02735,N,03458.85954,E,1,08,0.00,263.4,M,2.344,020416
143319.00,3145.02718,N,03458.86049,E,1,08,0.00,262.1,M,2.339,020416
143321.00,3145.02668,N,03458.86155,E,1,08,0.00,261.1,M,2.326,020416
143323.00,3145.02587,N,03458.86276,E,1,08,0.00,259.7,M,2.311,020416
143324.00,3145.02531,N,03458.86329,E,1,08,0.00,258.7,M,2.302,020416
143326.00,3145.02458,N,03458.86450,E,1,08,0.00,257.0,M,2.288,020416
143327.00,3145.02474,N,03458.86537,E,1,08,0.00,256.4,M,2.286,020416
143328.00,3145.02514,N,03458.86638,E,1,08,0.00,256.0,M,2.287,020416
143330.00,3145.02597,N,03458.86898,E,1,08,0.00,257.6,M,2.291,020416
143331.00,3145.02635,N,03458.87045,E,1,08,0.00,258.1,M,2.294,020416
143333.00,3145.02658,N,03458.87390,E,1,08,0.00,256.4,M,2.296,020416
143335.00,3145.02609,N,03458.87663,E,1,08,0.00,258.1,M,2.290,020416
143336.00,3145.02593,N,03458.87777,E,1,08,0.00,259.1,M,2.287,020416
143338.00,3145.02551,N,03458.87927,E,1,08,0.00,257.4,M,2.277,020416
143339.00,3145.02500,N,03458.87982,E,1,08,0.00,257.2,M,2.269,020416
143341.00,3145.02347,N,03458.88123,E,1,08,0.00,257.6,M,2.251,020416
143343.00,3145.02228,N,03458.88317,E,1,08,0.00,257.9,M,2.238,020416
143345.00,3145.02140,N,03458.88590,E,1,08,0.00,256.4,M,2.230,020416
143346.00,3145.02125,N,03458.88709,E,1,08,0.00,255.7,M,2.228,020416
143347.00,3145.02095,N,03458.88807,E,1,08,0.00,257.3,M,2.224,020416
143349.00,3145.02017,N,03458.89022,E,1,08,0.00,250.5,M,2.215,020416
143351.00,3145.01954,N,03458.89241,E,1,08,0.00,248.8,M,2.208,020416
143353.00,3145.01865,N,03458.89418,E,1,08,0.00,251.2,M,2.197,020416
143355.00,3145.01829,N,03458.89484,E,1,08,0.00,254.2,M,2.186,020416
143356.00,3145.01839,N,03458.89497,E,1,08,0.00,255.0,M,2.182,020416
143358.00,3145.01874,N,03458.89452,E,1,08,0.00,258.9,M,2.173,020416
143359.00,3145.01870,N,03458.89442,E,1,08,0.00,258.8,M,2.167,020416
143400.00,3145.01861,N,03458.89443,E,1,08,0.00,259.5,M,2.161,020416
143402.00,3145.01840,N,03458.89472,E,1,08,0.00,262.2,M,2.150,020416
143404.00,3145.01831,N,03458.89505,E,1,08,0.00,265.4,M,2.141,020416
143405.00,3145.01843,N,03458.89533,E,1,08,0.00,266.9,M,2.137,020416
143407.00,3145.01820,N,03458.89676,E,1,08,0.00,268.3,M,2.131,020416
143408.00,3145.01816,N,03458.89729,E,1,08,0.00,268.2,M,2.128,020416
143410.00,3145.01855,N,03458.89805,E,1,08,0.00,265.5,M,2.124,020416
143412.00,3145.01886,N,03458.89905,E,1,08,0.00,266.8,M,2.120,020416
143414.00,3145.01943,N,03458.90024,E,1,08,0.00,264.9,M,2.118,020416
143416.00,3145.01935,N,03458.90124,E,1,08,0.00,263.3,M,2.112,020416
143418.00,3145.01876,N,03458.90211,E,1,08,0.00,264.1,M,2.101,020416
143419.00,3145.01839,N,03458.90200,E,1,08,0.00,263.2,M,2.094,020416
143420.00,3145.01804,N,03458.90175,E,1,08,0.00,263.5,M,2.085,020416
143422.00,3145.01739,N,03458.90075,E,1,08,0.00,264.4,M,2.068,020416
143424.00,3145.01775,N,03458.89985,E,1,08,0.00,263.1,M,2.058,020416
143426.00,3145.01888,N,03458.89970,E,1,08,0.00,261.5,M,2.056,020416
143427.00,3145.01967,N,03458.89998,E,1,08,0.00,263.6,M,2.057,020416
143429.00,3145.02096,N,03458.90232,E,1,08,0.00,265.8,M,2.065,020416
143431.00,3145.01988,N,03458.90670,E,1,08,0.00,265.7,M,2.065,020416
143433.00,3145.01839,N,03458.91080,E,1,08,0.00,264.3,M,2.061,020416
143435.00,3145.01715,N,03458.91472,E,1,08,0.00,265.4,M,2.059,020416
143437.00,3145.01604,N,03458.91823,E,1,08,0.00,266.7,M,2.056,020416
143439.00,3145.01505,N,03458.92154,E,1,08,0.00,266.7,M,2.054,020416
143441.00,3145.01390,N,03458.92437,E,1,08,0.00,268.0,M,2.049,020416
143442.00,3145.01342,N,03458.92564,E,1,08,0.00,268.6,M,2.047,020416
143444.00,3145.01267,N,03458.92797,E,1,08,0.00,270.4,M,2.042,020416
143446.00,3145.01202,N,03458.93017,E,1,08,0.00,270.2,M,2.038,020416
143448.00,3145.01130,N,03458.93220,E,1,08,0.00,270.6,M,2.034,020416
143450.00,3145.01058,N,03458.93382,E,1,08,0.00,271.7,M,2.027,020416
143451.00,3145.01027,N,03458.93459,E,1,08,0.00,271.3,M,2.024,020416
143452.00,3145.01016,N,03458.93534,E,1,08,0.00,270.8,M,2.022,020416
143453.00,3145.00996,N,03458.93606,E,1,08,0.00,268.9,M,2.019,020416
143455.00,3145.00946,N,03458.93820,E,1,08,0.00,266.8,M,2.017,020416
143457.00,3145.00886,N,03458.94043,E,1,08,0.00,267.3,M,2.014,020416
143458.00,3145.00833,N,03458.94239,E,1,08,0.00,268.8,M,2.015,020416
143459.00,3145.00809,N,03458.94401,E,1,08,0.00,267.5,M,2.016,020416
143501.00,3145.00725,N,03458.94755,E,1,08,0.00,266.2,M,2.017,020416
143503.00,3145.00629,N,03458.95155,E,1,08,0.00,265.9,M,2.020,020416
143505.00,3145.00590,N,03458.95365,E,1,08,0.00,266.7,M,2.018,020416
143506.00,3145.00583,N,03458.95386,E,1,08,0.00,267.8,M,2.015,020416
143508.00,3145.00574,N,03458.95451,E,1,08,0.00,268.2,M,2.009,020416
143510.00,3145.00545,N,03458.95574,E,1,08,0.00,268.7,M,2.004,020416
143512.00,3145.00556,N,03458.95698,E,1,08,0.00,269.1,M,2.002,020416
143514.00,3145.00596,N,03458.95815,E,1,08,0.00,268.3,M,2.001,020416
143515.00,3145.00619,N,03458.95881,E,1,08,0.00,268.8,M,2.001,020416
143516.00,3145.00637,N,03458.95941,E,1,08,0.00,269.5,M,2.000,020416
143518.00,3145.00652,N,03458.96051,E,1,08,0.00,269.2,M,1.997,020416
143519.00,3145.00647,N,03458.96088,E,1,08,0.00,270.3,M,1.995,020416
143520.00,3145.00631,N,03458.96110,E,1,08,0.00,271.1,M,1.991,020416
143522.00,3145.00659,N,03458.95917,E,1,08,0.00,271.3,M,1.976,020416
143524.00,3145.00716,N,03458.95767,E,1,08,0.00,271.5,M,1.965,020416
143525.00,3145.00732,N,03458.95727,E,1,08,0.00,271.6,M,1.960,020416
143527.00,3145.00749,N,03458.95684,E,1,08,0.00,272.0,M,1.952,020416
143529.00,3145.00786,N,03458.95883,E,1,08,0.00,270.3,M,1.954,020416
143530.00,3145.00779,N,03458.96042,E,1,08,0.00,270.7,M,1.956,020416
143532.00,3145.00705,N,03458.96312,E,1,08,0.00,271.6,M,1.956,020416
143534.00,3145.00631,N,03458.96570,E,1,08,0.00,270.7,M,1.955,020416
143536.00,3145.00582,N,03458.96887,E,1,08,0.00,270.6,M,1.958,020416
143538.00,3145.00521,N,03458.97286,E,1,08,0.00,270.5,M,1.964,020416
143539.00,3145.00493,N,03458.97500,E,1,08,0.00,272.4,M,1.967,020416
143540.00,3145.00461,N,03458.97752,E,1,08,0.00,273.7,M,1.973,020416
143542.00,3145.00388,N,03458.98332,E,1,08,0.00,272.9,M,1.986,020416
143543.00,3145.00347,N,03458.98622,E,1,08,0.00,271.7,M,1.992,020416
143544.00,3145.00299,N,03458.98895,E,1,08,0.00,270.6,M,1.998,020416
143546.00,3145.00197,N,03458.99367,E,1,08,0.00,271.3,M,2.005,020416
143548.00,3145.00125,N,03458.99769,E,1,08,0.00,271.4,M,2.012,020416
143549.00,3145.00085,N,03458.99941,E,1,08,0.00,271.0,M,2.013,020416
143551.00,3145.00013,N,03459.00240,E,1,08,0.00,269.6,M,2.016,020416
143553.00,3144.99963,N,03459.00482,E,1,08,0.00,270.7,M,2.016,020416
143554.00,3144.99937,N,03459.00555,E,1,08,0.00,271.3,M,2.014,020416
143556.00,3144.99963,N,03459.00644,E,1,08,0.00,271.5,M,2.012,020416
143558.00,3145.00024,N,03459.00709,E,1,08,0.00,268.3,M,2.010,020416
143559.00,3145.00049,N,03459.00726,E,1,08,0.00,268.9,M,2.008,020416
143600.00,3145.00068,N,03459.00728,E,1,08,0.00,269.3,M,2.005,020416
143602.00,3145.00021,N,03459.00690,E,1,08,0.00,267.6,M,1.994,020416
143604.00,3144.99896,N,03459.00494,E,1,08,0.00,267.1,M,1.973,020416
143605.00,3144.99848,N,03459.00384,E,1,08,0.00,269.7,M,1.963,020416
143606.00,3144.99848,N,03459.00273,E,1,08,0.00,271.6,M,1.954,020416
143608.00,3144.99906,N,03459.00116,E,1,08,0.00,272.9,M,1.943,020416
143610.00,3145.00018,N,03459.00121,E,1,08,0.00,273.9,M,1.941,020416
143611.00,3145.00070,N,03459.00230,E,1,08,0.00,273.5,M,1.944,020416
143612.00,3145.00086,N,03459.00371,E,1,08,0.00,272.9,M,1.947,020416
143614.00,3145.00067,N,03459.00619,E,1,08,0.00,274.6,M,1.950,020416
143616.00,3145.00041,N,03459.00863,E,1,08,0.00,275.2,M,1.952,020416
143618.00,3145.00012,N,03459.01135,E,1,08,0.00,274.4,M,1.955,020416
143620.00,3144.99957,N,03459.01451,E,1,08,0.00,275.3,M,1.959,020416
143622.00,3144.99892,N,03459.01813,E,1,08,0.00,273.8,M,1.964,020416
143624.00,3144.99849,N,03459.02244,E,1,08,0.00,276.2,M,1.974,020416
143625.00,3144.99822,N,03459.02493,E,1,08,0.00,278.1,M,1.980,020416
143627.00,3144.99767,N,03459.02960,E,1,08,0.00,277.2,M,1.990,020416
143629.00,3144.99697,N,03459.03404,E,1,08,0.00,278.7,M,1.999,020416
143631.00,3144.99659,N,03459.03806,E,1,08,0.00,285.3,M,2.008,020416
143632.00,3144.99658,N,03459.03992,E,1,08,0.00,284.1,M,2.013,020416
143633.00,3144.99643,N,03459.04175,E,1,08,0.00,283.8,M,2.016,020416
143634.00,3144.99630,N,03459.04346,E,1,08,0.00,279.6,M,2.019,020416
143636.00,3144.99585,N,03459.04649,E,1,08,0.00,279.7,M,2.024,020416
143638.00,3144.99566,N,03459.04915,E,1,08,0.00,276.8,M,2.028,020416
143639.00,3144.99567,N,03459.05024,E,1,08,0.00,276.6,M,2.029,020416
143641.00,3144.99574,N,03459.05093,E,1,08,0.00,275.6,M,2.025,020416
143642.00,3144.99581,N,03459.05100,E,1,08,0.00,276.3,M,2.022,020416
143644.00,3144.99592,N,03459.05115,E,1,08,0.00,280.1,M,2.016,020416
143646.00,3144.99589,N,03459.05114,E,1,08,0.00,281.3,M,2.009,020416
143648.00,3144.99608,N,03459.05123,E,1,08,0.00,281.3,M,2.003,020416
143650.00,3144.99644,N,03459.05106,E,1,08,0.00,282.3,M,1.997,020416
143651.00,3144.99675,N,03459.05083,E,1,08,0.00,282.5,M,1.994,020416
143653.00,3144.99753,N,03459.04997,E,1,08,0.00,279.9,M,1.986,020416
143655.00,3144.99796,N,03459.04878,E,1,08,0.00,279.7,M,1.976,020416
143656.00,3144.99801,N,03459.04828,E,1,08,0.00,279.1,M,1.971,020416
143658.00,3144.99794,N,03459.04735,E,1,08,0.00,281.7,M,1.960,020416
143659.00,3144.99780,N,03459.04702,E,1,08,0.00,281.8,M,1.955,020416
143701.00,3144.99797,N,03459.04644,E,1,08,0.00,281.3,M,1.947,020416
143703.00,3144.99845,N,03459.04837,E,1,08,0.00,283.9,M,1.950,020416
143705.00,3144.99935,N,03459.05052,E,1,08,0.00,277.9,M,1.955,020416
143706.00,3144.99983,N,03459.05186,E,1,08,0.00,277.1,M,1.959,020416
143708.00,3145.00009,N,03459.05453,E,1,08,0.00,277.5,M,1.965,020416
143709.00,3144.99971,N,03459.05598,E,1,08,0.00,278.1,M,1.966,020416
143711.00,3144.99828,N,03459.05895,E,1,08,0.00,279.9,M,1.967,020416
143713.00,3144.99656,N,03459.06164,E,1,08,0.00,281.6,M,1.965,020416
143715.00,3144.99513,N,03459.06459,E,1,08,0.00,281.0,M,1.966,020416
143717.00,3144.99375,N,03459.06807,E,1,08,0.00,280.9,M,1.969,020416
143718.00,3144.99320,N,03459.06996,E,1,08,0.00,281.4,M,1.972,020416
143720.00,3144.99222,N,03459.07499,E,1,08,0.00,280.9,M,1.983,020416
143722.00,3144.99129,N,03459.08016,E,1,08,0.00,283.6,M,1.995,020416
143723.00,3144.99078,N,03459.08252,E,1,08,0.00,283.6,M,2.000,020416
143725.00,3144.98978,N,03459.08682,E,1,08,0.00,284.5,M,2.009,020416
143727.00,3144.98844,N,03459.08955,E,1,08,0.00,285.9,M,2.009,020416
143728.00,3144.98816,N,03459.09126,E,1,08,0.00,285.1,M,2.012,020416
143730.00,3144.98795,N,03459.09468,E,1,08,0.00,282.9,M,2.020,020416
143732.00,3144.98788,N,03459.09742,E,1,08,0.00,282.8,M,2.024,020416
143733.00,3144.98786,N,03459.09849,E,1,08,0.00,282.6,M,2.025,020416
143735.00,3144.98805,N,03459.10028,E,1,08,0.00,283.7,M,2.027,020416
143736.00,3144.98830,N,03459.10069,E,1,08,0.00,284.6,M,2.026,020416
143738.00,3144.98867,N,03459.10013,E,1,08,0.00,280.4,M,2.019,020416
143740.00,3144.98883,N,03459.09933,E,1,08,0.00,279.9,M,2.010,020416
143742.00,3144.98879,N,03459.09918,E,1,08,0.00,279.9,M,2.003,020416
143744.00,3144.98732,N,03459.09987,E,1,08,0.00,278.5,M,1.995,020416
143746.00,3144.98594,N,03459.10114,E,1,08,0.00,276.9,M,1.990,020416
143747.00,3144.98526,N,03459.10206,E,1,08,0.00,276.7,M,1.989,020416
143749.00,3144.98439,N,03459.10415,E,1,08,0.00,281.0,M,1.989,020416
143750.00,3144.98429,N,03459.10556,E,1,08,0.00,278.4,M,1.991,020416
143752.00,3144.98462,N,03459.10883,E,1,08,0.00,278.4,M,1.999,020416
143753.00,3144.98466,N,03459.11099,E,1,08,0.00,277.7,M,2.005,020416
143755.00,3144.98424,N,03459.11562,E,1,08,0.00,280.9,M,2.016,020416
143756.00,3144.98398,N,03459.11781,E,1,08,0.00,280.8,M,2.022,020416
143758.00,3144.98333,N,03459.12186,E,1,08,0.00,278.0,M,2.030,020416
143800.00,3144.98244,N,03459.12511,E,1,08,0.00,281.5,M,2.035,020416
143802.00,3144.98119,N,03459.12787,E,1,08,0.00,281.8,M,2.037,020416
143804.00,3144.98020,N,03459.13027,E,1,08,0.00,282.3,M,2.038,020416
143805.00,3144.98000,N,03459.13107,E,1,08,0.00,281.9,M,2.037,020416
143807.00,3144.98019,N,03459.13080,E,1,08,0.00,285.4,M,2.031,020416
143808.00,3144.98043,N,03459.13010,E,1,08,0.00,286.2,M,2.026,020416
143809.00,3144.98077,N,03459.12936,E,1,08,0.00,285.2,M,2.020,020416
143811.00,3144.98140,N,03459.12827,E,1,08,0.00,285.6,M,2.012,020416
143812.00,3144.98158,N,03459.12774,E,1,08,0.00,286.5,M,2.007,020416
143814.00,3144.98243,N,03459.12630,E,1,08,0.00,286.8,M,1.997,020416
143815.00,3144.98276,N,03459.12558,E,1,08,0.00,286.3,M,1.992,020416
143817.00,3144.98298,N,03459.12401,E,1,08,0.00,288.5,M,1.981,020416
143818.00,3144.98306,N,03459.12341,E,1,08,0.00,287.3,M,1.976,020416
143819.00,3144.98313,N,03459.12295,E,1,08,0.00,286.9,M,1.971,020416
143821.00,3144.98339,N,03459.12278,E,1,08,0.00,284.9,M,1.965,020416
143823.00,3144.98277,N,03459.12471,E,1,08,0.00,285.6,M,1.966,020416
143824.00,3144.98214,N,03459.12592,E,1,08,0.00,287.4,M,1.966,020416
143826.00,3144.98094,N,03459.12905,E,1,08,0.00,288.5,M,1.969,020416
143828.00,3144.97974,N,03459.13244,E,1,08,0.00,292.6,M,1.974,020416
143829.00,3144.97892,N,03459.13458,E,1,08,0.00,294.1,M,1.978,020416
143830.00,3144.97778,N,03459.13671,E,1,08,0.00,293.2,M,1.980,020416
143831.00,3144.97676,N,03459.13871,E,1,08,0.00,293.0,M,1.983,020416
143833.00,3144.97566,N,03459.14196,E,1,08,0.00,294.1,M,1.987,020416
143834.00,3144.97547,N,03459.14313,E,1,08,0.00,295.1,M,1.989,020416
143836.00,3144.97500,N,03459.14540,E,1,08,0.00,294.1,M,1.991,020416
143837.00,3144.97491,N,03459.14657,E,1,08,0.00,290.6,M,1.992,020416
143839.00,3144.97476,N,03459.14880,E,1,08,0.00,292.5,M,1.995,020416
143841.00,3144.97441,N,03459.15088,E,1,08,0.00,291.0,M,1.997,020416
143843.00,3144.97421,N,03459.15300,E,1,08,0.00,291.7,M,1.999,020416
143844.00,3144.97448,N,03459.15345,E,1,08,0.00,293.7,M,1.998,020416
143846.00,3144.97481,N,03459.15479,E,1,08,0.00,290.4,M,1.999,020416
143848.00,3144.97526,N,03459.15613,E,1,08,0.00,290.2,M,2.000,020416
143849.00,3144.97634,N,03459.15526,E,1,08,0.00,289.3,M,1.996,020416
143851.00,3144.97779,N,03459.15464,E,1,08,0.00,289.2,M,1.991,020416
143852.00,3144.97843,N,03459.15449,E,1,08,0.00,288.9,M,1.989,020416
143854.00,3144.97914,N,03459.15361,E,1,08,0.00,291.3,M,1.982,020416
143855.00,3144.97932,N,03459.15285,E,1,08,0.00,291.8,M,1.976,020416
143856.00,3144.97934,N,03459.15217,E,1,08,0.00,292.8,M,1.971,020416
143857.00,3144.97946,N,03459.15203,E,1,08,0.00,291.2,M,1.968,020416
143858.00,3144.97951,N,03459.15198,E,1,08,0.00,291.8,M,1.965,020416
143900.00,3144.98007,N,03459.15153,E,1,08,0.00,293.1,M,1.959,020416
143902.00,3144.97938,N,03459.15489,E,1,08,0.00,294.7,M,1.965,020416
143903.00,3144.97871,N,03459.15672,E,1,08,0.00,295.2,M,1.968,020416
143904.00,3144.97806,N,03459.15848,E,1,08,0.00,294.8,M,1.970,020416
143906.00,3144.97722,N,03459.16181,E,1,08,0.00,292.6,M,1.976,020416
143907.00,3144.97687,N,03459.16343,E,1,08,0.00,292.1,M,1.978,020416
143909.00,3144.97578,N,03459.16663,E,1,08,0.00,294.1,M,1.983,020416
143910.00,3144.97523,N,03459.16825,E,1,08,0.00,293.5,M,1.985,020416
143912.00,3144.97470,N,03459.17139,E,1,08,0.00,293.5,M,1.990,020416
143913.00,3144.97454,N,03459.17280,E,1,08,0.00,294.4,M,1.993,020416
143914.00,3144.97437,N,03459.17418,E,1,08,0.00,294.8,M,1.995,020416
143915.00,3144.97434,N,03459.17553,E,1,08,0.00,293.5,M,1.997,020416
143917.00,3144.97451,N,03459.17839,E,1,08,0.00,293.6,M,2.003,020416
143918.00,3144.97457,N,03459.17982,E,1,08,0.00,294.0,M,2.006,020416
143919.00,3144.97470,N,03459.18116,E,1,08,0.00,295.7,M,2.008,020416
143921.00,3144.97515,N,03459.18380,E,1,08,0.00,297.5,M,2.014,020416
143923.00,3144.97609,N,03459.18615,E,1,08,0.00,298.2,M,2.019,020416
143924.00,3144.97674,N,03459.18752,E,1,08,0.00,299.2,M,2.023,020416
143925.00,3144.97739,N,03459.18867,E,1,08,0.00,298.7,M,2.026,020416
143927.00,3144.97856,N,03459.19073,E,1,08,0.00,297.8,M,2.030,020416
143928.00,3144.97923,N,03459.19170,E,1,08,0.00,298.3,M,2.033,020416
143929.00,3144.98028,N,03459.19259,E,1,08,0.00,295.5,M,2.035,020416
143930.00,3144.98153,N,03459.19353,E,1,08,0.00,295.5,M,2.038,020416
143932.00,3144.98385,N,03459.19587,E,1,08,0.00,296.3,M,2.046,020416
143933.00,3144.98492,N,03459.19689,E,1,08,0.00,295.7,M,2.050,020416
143935.00,3144.98679,N,03459.19903,E,1,08,0.00,295.2,M,2.056,020416
143936.00,3144.98775,N,03459.20022,E,1,08,0.00,292.6,M,2.059,020416
143938.00,3144.98915,N,03459.20243,E,1,08,0.00,292.2,M,2.065,020416
143940.00,3144.99006,N,03459.20441,E,1,08,0.00,294.1,M,2.069,020416
143941.00,3144.98972,N,03459.20558,E,1,08,0.00,293.9,M,2.069,020416
143942.00,3144.98952,N,03459.20697,E,1,08,0.00,293.9,M,2.071,020416
143944.00,3144.98850,N,03459.20946,E,1,08,0.00,294.8,M,2.073,020416
143945.00,3144.98753,N,03459.21053,E,1,08,0.00,296.1,M,2.072,020416
143946.00,3144.98631,N,03459.21150,E,1,08,0.00,296.9,M,2.071,020416
143947.00,3144.98480,N,03459.21237,E,1,08,0.00,297.4,M,2.068,020416
143949.00,3144.98214,N,03459.21413,E,1,08,0.00,293.9,M,2.064,020416
143951.00,3144.98032,N,03459.21528,E,1,08,0.00,292.8,M,2.060,020416
